sentiment_group,avg_drawdown,worst_drawdown
Fear,-9414.586961255696,-113383.71529000001
Greed,-10557.918320445486,-369393.229261
