sentiment_group,trader_days,mean_daily_pnl,median_daily_pnl,mean_win_rate,mean_trades_per_day,mean_trade_size_usd,mean_total_fees,mean_start_position,mean_long_ratio,mean_short_ratio
Fear,790,5185.146443205063,122.73703799999998,0.35707081909219934,105.3632911392405,8529.859802485056,147.27288938423,1022.8892170083615,0.521511899109334,0.47848810089066596
Greed,1174,4144.208333580919,265.24772500000006,0.36274771314398035,76.91226575809199,5954.63263265916,76.77117329158288,-127.45523475808666,0.47227584624212327,0.5277241537578767
